CREATE TABLE Worker1 (
	WORKER_ID int NOT NULL PRIMARY KEY ,
	FIRST_NAME CHAR(25),
	LAST_NAME CHAR(25),
	SALARY int,
	JOINING_DATE CHAR(25),
	DEPARTMENT CHAR(25)
);

INSERT INTO Worker1
	(WORKER_ID, FIRST_NAME, LAST_NAME, SALARY, JOINING_DATE, DEPARTMENT) VALUES
		(001, 'Monika', 'Arora', 100000, '14-02-20 09.00.00', 'HR'),
		(002, 'Niharika', 'Verma', 80000, '14-06-11 09.00.00', 'Admin'),
		(003, 'Vishal', 'Singhal', 300000, '14-02-20 09.00.00', 'HR'),
		(004, 'Amitabh', 'Singh', 500000, '14-02-20 09.00.00', 'Admin'),
		(005, 'Vivek', 'Bhati', 500000, '14-06-11 09.00.00', 'Admin'),
		(006, 'Vipul', 'Diwan', 200000, '14-06-11 09.00.00', 'Account'),
		(007, 'Satish', 'Kumar', 75000, '14-01-20 09.00.00', 'Account'),
		(008, 'Geetika', 'Chauhan', 90000, '14-04-11 09.00.00', 'Admin');

CREATE TABLE Bonus1 (
	WORKER_REF_ID INT,
	BONUS_AMOUNT INT,
	BONUS_DATE char(25),
	FOREIGN KEY (WORKER_REF_ID)
		REFERENCES Worker1(WORKER_ID)
        ON DELETE CASCADE
);
INSERT INTO Bonus1
	(WORKER_REF_ID, BONUS_AMOUNT, BONUS_DATE) VALUES
		(001, 5000, '16-02-20'),
		(002, 3000, '16-06-11'),
		(003, 4000, '16-02-20'),
		(001, 4500, '16-02-20'),
		(002, 3500, '16-06-11');

CREATE TABLE Title1 (
	WORKER_REF_ID INT,
	WORKER_TITLE CHAR(25),
	AFFECTED_FROM CHAR(25),
	FOREIGN KEY (WORKER_REF_ID)
		REFERENCES Worker1(WORKER_ID)
        ON DELETE CASCADE
);

INSERT INTO Title1 
	(WORKER_REF_ID, WORKER_TITLE, AFFECTED_FROM) VALUES
 (001, 'Manager', '2016-02-20 00:00:00'),
 (002, 'Executive', '2016-06-11 00:00:00'),
 (008, 'Executive', '2016-06-11 00:00:00'),
 (005, 'Manager', '2016-06-11 00:00:00'),
 (004, 'Asst. Manager', '2016-06-11 00:00:00'),
 (007, 'Executive', '2016-06-11 00:00:00'),
 (006, 'Lead', '2016-06-11 00:00:00'),
 (003, 'Lead', '2016-06-11 00:00:00');

select * from Worker1
select * from Bonus1
select * from Title1

--query1

select w.WORKER_ID,w.FIRST_NAME,w.SALARY
FROM Worker1 AS w,Worker1 w1
where w.SALARY=w1.SALARY and w.WORKER_ID<>w1.WORKER_ID

--query2

select * FROM Worker1 
WHERE WORKER_ID IN
(SELECT WORKER_ID FROM Worker1
WHERE SALARY=(SELECT MAX(SALARY) FROM Worker1 WHERE SALARY<(SELECT MAX(SALARY)FROM Worker1)))

--QUERY3

SELECT * FROM Worker1
WHERE WORKER_ID <=(SELECT COUNT(WORKER_ID)/2 FROM Worker1)

--QUERY4

SELECT DEPARTMENT,COUNT(DEPARTMENT) AS TOTAL_WORKERS
FROM Worker1
GROUP BY DEPARTMENT

--QUERY 5
SELECT DEPARTMENT,SUM(SALARY)
FROM Worker1
GROUP BY DEPARTMENT

--QUERY6
SELECT FIRST_NAME,LAST_NAME,SALARY FROM Worker1
WHERE SALARY=(SELECT MAX(SALARY)FROM Worker1)

--QUERY7

SELECT TOP 1 * FROM Worker1
ORDER BY WORKER_ID DESC

--QUERY 8

SELECT DISTINCT SALARY
FROM Worker1 a
WHERE 3>=(SELECT COUNT(DISTINCT SALARY)FROM Worker1 c
WHERE a.SALARY>=c.SALARY)
ORDER BY a.SALARY DESC

--QUERY 9

SELECT FIRST_NAME,LAST_NAME,DEPARTMENT,SALARY
FROM Worker1
WHERE SALARY IN
(SELECT MAX(SALARY)
FROM Worker1
GROUP BY DEPARTMENT)
